Workbook

Sheet Orders
A1: OrderID | B1: OrderDate | C1: CustomerID | D1: Status | E1: TotalAmount (€) | F1: TotalMargin (€)
A2: OBJ-10001 | B2: 46147.77 | C2: CUST1065 | D2: Zrušená | E2: =SUMIF('Order Details'!$B$2:$B$394,A2,'Order Details'!$I$2:$I$394) -> 214.95 | F2: =SUMIF('Order Details'!$B$2:$B$394,A2,'Order Details'!$J$2:$J$394) -> 124.95
A3: OBJ-10002 | B3: 46110.479 | C3: CUST1050 | D3: Doručená | E3: =SUMIF('Order Details'!$B$2:$B$394,A3,'Order Details'!$I$2:$I$394) -> 42.99 | F3: =SUMIF('Order Details'!$B$2:$B$394,A3,'Order Details'!$J$2:$J$394) -> 23.49
A4: OBJ-10003 | B4: 45816.976 | C4: CUST1015 | D4: Odoslaná | E4: =SUMIF('Order Details'!$B$2:$B$394,A4,'Order Details'!$I$2:$I$394) -> 174.95 | F4: =SUMIF('Order Details'!$B$2:$B$394,A4,'Order Details'!$J$2:$J$394) -> 99.95
A5: OBJ-10004 | B5: 46065.739 | C5: CUST1012 | D5: Doručená | E5: =SUMIF('Order Details'!$B$2:$B$394,A5,'Order Details'!$I$2:$I$394) -> 66.476 | F5: =SUMIF('Order Details'!$B$2:$B$394,A5,'Order Details'!$J$2:$J$394) -> 34.476
A6: OBJ-10005 | B6: 45984.14 | C6: CUST1045 | D6: Odoslaná | E6: =SUMIF('Order Details'!$B$2:$B$394,A6,'Order Details'!$I$2:$I$394) -> 49.491 | F6: =SUMIF('Order Details'!$B$2:$B$394,A6,'Order Details'!$J$2:$J$394) -> 27.491
A7: OBJ-10006 | B7: 45997.785 | C7: CUST1049 | D7: Odoslaná | E7: =SUMIF('Order Details'!$B$2:$B$394,A7,'Order Details'!$I$2:$I$394) -> 468.405 | F7: =SUMIF('Order Details'!$B$2:$B$394,A7,'Order Details'!$J$2:$J$394) -> 240.905
A8: OBJ-10007 | B8: 45936.06 | C8: CUST1033 | D8: Zrušená | E8: =SUMIF('Order Details'!$B$2:$B$394,A8,'Order Details'!$I$2:$I$394) -> 39.99 | F8: =SUMIF('Order Details'!$B$2:$B$394,A8,'Order Details'!$J$2:$J$394) -> 23.99
A9: OBJ-10008 | B9: 46073.227 | C9: CUST1033 | D9: Doručená | E9: =SUMIF('Order Details'!$B$2:$B$394,A9,'Order Details'!$I$2:$I$394) -> 119.96 | F9: =SUMIF('Order Details'!$B$2:$B$394,A9,'Order Details'!$J$2:$J$394) -> 70.96
A10: OBJ-10009 | B10: 45933.026 | C10: CUST1009 | D10: Odoslaná | E10: =SUMIF('Order Details'!$B$2:$B$394,A10,'Order Details'!$I$2:$I$394) -> 139.2155 | F10: =SUMIF('Order Details'!$B$2:$B$394,A10,'Order Details'!$J$2:$J$394) -> 61.2155
A11: OBJ-10010 | B11: 45790.066 | C11: CUST1034 | D11: Doručená | E11: =SUMIF('Order Details'!$B$2:$B$394,A11,'Order Details'!$I$2:$I$394) -> 274.95 | F11: =SUMIF('Order Details'!$B$2:$B$394,A11,'Order Details'!$J$2:$J$394) -> 144.95
A12: OBJ-10011 | B12: 45864.473 | C12: CUST1023 | D12: Odoslaná | E12: =SUMIF('Order Details'!$B$2:$B$394,A12,'Order Details'!$I$2:$I$394) -> 19.4825 | F12: =SUMIF('Order Details'!$B$2:$B$394,A12,'Order Details'!$J$2:$J$394) -> 11.9825
A13: OBJ-10012 | B13: 45695.023 | C13: CUST1032 | D13: Doručená | E13: =SUMIF('Order Details'!$B$2:$B$394,A13,'Order Details'!$I$2:$I$394) -> 30.2585 | F13: =SUMIF('Order Details'!$B$2:$B$394,A13,'Order Details'!$J$2:$J$394) -> 17.2585
... A201: OBJ-10200 | B201: 46184.218 | C201: CUST1068 | D201: Odoslaná | E201: =SUMIF('Order Details'!$B$2:$B$394,A201,'Order Details'!$I$2:$I$394) -> 52.2405 | F201: =SUMIF('Order Details'!$B$2:$B$394,A201,'Order Details'!$J$2:$J$394) -> 26.2405

Sheet Order Details
A1: OrderDetailID | B1: OrderID | C1: ProductID | D1: Quantity | E1: OriginalPrice (€) | F1: DiscountPct | G1: SalePrice (€) | H1: Cost (€) | I1: LineTotal (€) | J1: MarginEUR (€) | K1: MarginPct | L1: ReturnReason
A2: OD00001 | B2: OBJ-10001 | C2: PRD017 | D2: 4 | E2: =VLOOKUP(C2,Products!$A:$E,4,FALSE()) -> 39.99 | F2: 0 | G2: =E2*(1-F2) -> 39.99 | H2: =VLOOKUP(C2,Products!$A:$E,5,FALSE()) -> 17 | I2: =D2*G2 -> 159.96 | J2: =I2-(D2*H2) -> 91.96 | K2: =IFERROR(J2/I2,0) -> 0.57489372 | L2: =IF(VLOOKUP(B2,Orders!$A:$D,4,FALSE())="Vrátená",INDEX({"Nevyhovujúca veľkosť";"Poškodený tovar pri doprave";"Produkt nezodpovedal popisu";"Zákazník zmenil názor";"Neskoré doručenie";"Chybný/vadný kus";"Duplicitná objednávka"},MOD(CODE(LEFT(A2,1))+LEN(A2),7)+1),"")
A3: OD00002 | B3: OBJ-10001 | C3: PRD036 | D3: 1 | E3: =VLOOKUP(C3,Products!$A:$E,4,FALSE()) -> 54.99 | F3: 0 | G3: =E3*(1-F3) -> 54.99 | H3: =VLOOKUP(C3,Products!$A:$E,5,FALSE()) -> 22 | I3: =D3*G3 -> 54.99 | J3: =I3-(D3*H3) -> 32.99 | K3: =IFERROR(J3/I3,0) -> 0.59992726 | L3: =IF(VLOOKUP(B3,Orders!$A:$D,4,FALSE())="Vrátená",INDEX({"Nevyhovujúca veľkosť";"Poškodený tovar pri doprave";"Produkt nezodpovedal popisu";"Zákazník zmenil názor";"Neskoré doručenie";"Chybný/vadný kus";"Duplicitná objednávka"},MOD(CODE(LEFT(A3,1))+LEN(A3),7)+1),"")
A4: OD00003 | B4: OBJ-10002 | C4: PRD005 | D4: 1 | E4: =VLOOKUP(C4,Products!$A:$E,4,FALSE()) -> 42.99 | F4: 0 | G4: =E4*(1-F4) -> 42.99 | H4: =VLOOKUP(C4,Products!$A:$E,5,FALSE()) -> 19.5 | I4: =D4*G4 -> 42.99 | J4: =I4-(D4*H4) -> 23.49 | K4: =IFERROR(J4/I4,0) -> 0.54640614 | L4: =IF(VLOOKUP(B4,Orders!$A:$D,4,FALSE())="Vrátená",INDEX({"Nevyhovujúca veľkosť";"Poškodený tovar pri doprave";"Produkt nezodpovedal popisu";"Zákazník zmenil názor";"Neskoré doručenie";"Chybný/vadný kus";"Duplicitná objednávka"},MOD(CODE(LEFT(A4,1))+LEN(A4),7)+1),"")
A5: OD00004 | B5: OBJ-10003 | C5: PRD009 | D5: 5 | E5: =VLOOKUP(C5,Products!$A:$E,4,FALSE()) -> 34.99 | F5: 0 | G5: =E5*(1-F5) -> 34.99 | H5: =VLOOKUP(C5,Products!$A:$E,5,FALSE()) -> 15 | I5: =D5*G5 -> 174.95 | J5: =I5-(D5*H5) -> 99.95 | K5: =IFERROR(J5/I5,0) -> 0.57130609 | L5: =IF(VLOOKUP(B5,Orders!$A:$D,4,FALSE())="Vrátená",INDEX({"Nevyhovujúca veľkosť";"Poškodený tovar pri doprave";"Produkt nezodpovedal popisu";"Zákazník zmenil názor";"Neskoré doručenie";"Chybný/vadný kus";"Duplicitná objednávka"},MOD(CODE(LEFT(A5,1))+LEN(A5),7)+1),"")
A6: OD00005 | B6: OBJ-10004 | C6: PRD015 | D6: 2 | E6: =VLOOKUP(C6,Products!$A:$E,4,FALSE()) -> 22.49 | F6: 0.3 | G6: =E6*(1-F6) -> 15.743 | H6: =VLOOKUP(C6,Products!$A:$E,5,FALSE()) -> 9 | I6: =D6*G6 -> 31.486 | J6: =I6-(D6*H6) -> 13.486 | K6: =IFERROR(J6/I6,0) -> 0.42831735 | L6: =IF(VLOOKUP(B6,Orders!$A:$D,4,FALSE())="Vrátená",INDEX({"Nevyhovujúca veľkosť";"Poškodený tovar pri doprave";"Produkt nezodpovedal popisu";"Zákazník zmenil názor";"Neskoré doručenie";"Chybný/vadný kus";"Duplicitná objednávka"},MOD(CODE(LEFT(A6,1))+LEN(A6),7)+1),"")
A7: OD00006 | B7: OBJ-10004 | C7: PRD011 | D7: 1 | E7: =VLOOKUP(C7,Products!$A:$E,4,FALSE()) -> 34.99 | F7: 0 | G7: =E7*(1-F7) -> 34.99 | H7: =VLOOKUP(C7,Products!$A:$E,5,FALSE()) -> 14 | I7: =D7*G7 -> 34.99 | J7: =I7-(D7*H7) -> 20.99 | K7: =IFERROR(J7/I7,0) -> 0.59988568 | L7: =IF(VLOOKUP(B7,Orders!$A:$D,4,FALSE())="Vrátená",INDEX({"Nevyhovujúca veľkosť";"Poškodený tovar pri doprave";"Produkt nezodpovedal popisu";"Zákazník zmenil názor";"Neskoré doručenie";"Chybný/vadný kus";"Duplicitná objednávka"},MOD(CODE(LEFT(A7,1))+LEN(A7),7)+1),"")
A8: OD00007 | B8: OBJ-10005 | C8: PRD036 | D8: 1 | E8: =VLOOKUP(C8,Products!$A:$E,4,FALSE()) -> 54.99 | F8: 0.1 | G8: =E8*(1-F8) -> 49.491 | H8: =VLOOKUP(C8,Products!$A:$E,5,FALSE()) -> 22 | I8: =D8*G8 -> 49.491 | J8: =I8-(D8*H8) -> 27.491 | K8: =IFERROR(J8/I8,0) -> 0.55547473 | L8: =IF(VLOOKUP(B8,Orders!$A:$D,4,FALSE())="Vrátená",INDEX({"Nevyhovujúca veľkosť";"Poškodený tovar pri doprave";"Produkt nezodpovedal popisu";"Zákazník zmenil názor";"Neskoré doručenie";"Chybný/vadný kus";"Duplicitná objednávka"},MOD(CODE(LEFT(A8,1))+LEN(A8),7)+1),"")
A9: OD00008 | B9: OBJ-10006 | C9: PRD005 | D9: 5 | E9: =VLOOKUP(C9,Products!$A:$E,4,FALSE()) -> 42.99 | F9: 0.1 | G9: =E9*(1-F9) -> 38.691 | H9: =VLOOKUP(C9,Products!$A:$E,5,FALSE()) -> 19.5 | I9: =D9*G9 -> 193.455 | J9: =I9-(D9*H9) -> 95.955 | K9: =IFERROR(J9/I9,0) -> 0.49600682 | L9: =IF(VLOOKUP(B9,Orders!$A:$D,4,FALSE())="Vrátená",INDEX({"Nevyhovujúca veľkosť";"Poškodený tovar pri doprave";"Produkt nezodpovedal popisu";"Zákazník zmenil názor";"Neskoré doručenie";"Chybný/vadný kus";"Duplicitná objednávka"},MOD(CODE(LEFT(A9,1))+LEN(A9),7)+1),"")
A10: OD00009 | B10: OBJ-10006 | C10: PRD008 | D10: 5 | E10: =VLOOKUP(C10,Products!$A:$E,4,FALSE()) -> 54.99 | F10: 0 | G10: =E10*(1-F10) -> 54.99 | H10: =VLOOKUP(C10,Products!$A:$E,5,FALSE()) -> 26 | I10: =D10*G10 -> 274.95 | J10: =I10-(D10*H10) -> 144.95 | K10: =IFERROR(J10/I10,0) -> 0.52718676 | L10: =IF(VLOOKUP(B10,Orders!$A:$D,4,FALSE())="Vrátená",INDEX({"Nevyhovujúca veľkosť";"Poškodený tovar pri doprave";"Produkt nezodpovedal popisu";"Zákazník zmenil názor";"Neskoré doručenie";"Chybný/vadný kus";"Duplicitná objednávka"},MOD(CODE(LEFT(A10,1))+LEN(A10),7)+1),"")
A11: OD00010 | B11: OBJ-10007 | C11: PRD049 | D11: 1 | E11: =VLOOKUP(C11,Products!$A:$E,4,FALSE()) -> 39.99 | F11: 0 | G11: =E11*(1-F11) -> 39.99 | H11: =VLOOKUP(C11,Products!$A:$E,5,FALSE()) -> 16 | I11: =D11*G11 -> 39.99 | J11: =I11-(D11*H11) -> 23.99 | K11: =IFERROR(J11/I11,0) -> 0.59989997 | L11: =IF(VLOOKUP(B11,Orders!$A:$D,4,FALSE())="Vrátená",INDEX({"Nevyhovujúca veľkosť";"Poškodený tovar pri doprave";"Produkt nezodpovedal popisu";"Zákazník zmenil názor";"Neskoré doručenie";"Chybný/vadný kus";"Duplicitná objednávka"},MOD(CODE(LEFT(A11,1))+LEN(A11),7)+1),"")
A12: OD00011 | B12: OBJ-10008 | C12: PRD032 | D12: 1 | E12: =VLOOKUP(C12,Products!$A:$E,4,FALSE()) -> 29.99 | F12: 0 | G12: =E12*(1-F12) -> 29.99 | H12: =VLOOKUP(C12,Products!$A:$E,5,FALSE()) -> 13 | I12: =D12*G12 -> 29.99 | J12: =I12-(D12*H12) -> 16.99 | K12: =IFERROR(J12/I12,0) -> 0.56652217 | L12: =IF(VLOOKUP(B12,Orders!$A:$D,4,FALSE())="Vrátená",INDEX({"Nevyhovujúca veľkosť";"Poškodený tovar pri doprave";"Produkt nezodpovedal popisu";"Zákazník zmenil názor";"Neskoré doručenie";"Chybný/vadný kus";"Duplicitná objednávka"},MOD(CODE(LEFT(A12,1))+LEN(A12),7)+1),"")
A13: OD00012 | B13: OBJ-10008 | C13: PRD045 | D13: 3 | E13: =VLOOKUP(C13,Products!$A:$E,4,FALSE()) -> 29.99 | F13: 0 | G13: =E13*(1-F13) -> 29.99 | H13: =VLOOKUP(C13,Products!$A:$E,5,FALSE()) -> 12 | I13: =D13*G13 -> 89.97 | J13: =I13-(D13*H13) -> 53.97 | K13: =IFERROR(J13/I13,0) -> 0.59986662 | L13: =IF(VLOOKUP(B13,Orders!$A:$D,4,FALSE())="Vrátená",INDEX({"Nevyhovujúca veľkosť";"Poškodený tovar pri doprave";"Produkt nezodpovedal popisu";"Zákazník zmenil názor";"Neskoré doručenie";"Chybný/vadný kus";"Duplicitná objednávka"},MOD(CODE(LEFT(A13,1))+LEN(A13),7)+1),"")
... A394: OD00393 | B394: OBJ-10200 | C394: PRD008 | D394: 1 | E394: =VLOOKUP(C394,Products!$A:$E,4,FALSE()) -> 54.99 | F394: 0.05 | G394: =E394*(1-F394) -> 52.2405 | H394: =VLOOKUP(C394,Products!$A:$E,5,FALSE()) -> 26 | I394: =D394*G394 -> 52.2405 | J394: =I394-(D394*H394) -> 26.2405 | K394: =IFERROR(J394/I394,0) -> 0.50230185 | L394: =IF(VLOOKUP(B394,Orders!$A:$D,4,FALSE())="Vrátená",INDEX({"Nevyhovujúca veľkosť";"Poškodený tovar pri doprave";"Produkt nezodpovedal popisu";"Zákazník zmenil názor";"Neskoré doručenie";"Chybný/vadný kus";"Duplicitná objednávka"},MOD(CODE(LEFT(A394,1))+LEN(A394),7)+1),"")

Sheet Products
A1: ProductID | B1: ProductName | C1: CategoryID | D1: RegularPrice (€) | E1: Cost (€)
A2: PRD001 | B2: Bezdrôtové slúchadlá | C2: CAT01 | D2: 64.99 | E2: 32
A3: PRD002 | B3: Smartfón držiak | C3: CAT01 | D3: 13.99 | E3: 5.5
A4: PRD003 | B4: Powerbanka 10000mAh | C4: CAT01 | D4: 27.99 | E4: 12
A5: PRD004 | B5: USB-C kábel | C5: CAT01 | D5: 7.49 | E5: 2.2
A6: PRD005 | B6: Bluetooth reproduktor | C6: CAT01 | D6: 42.99 | E6: 19.5
A7: PRD006 | B7: Smart hodinky | C7: CAT01 | D7: 104.99 | E7: 55
A8: PRD007 | B8: Herná myš | C8: CAT01 | D8: 27.49 | E8: 11
A9: PRD008 | B9: Klávesnica mechanická | C9: CAT01 | D9: 54.99 | E9: 26
A10: PRD009 | B10: Webkamera Full HD | C10: CAT01 | D10: 34.99 | E10: 15
A11: PRD010 | B11: Tablet 10palcový | C11: CAT01 | D11: 189.99 | E11: 110
A12: PRD011 | B12: Sada nožov | C12: CAT02 | D12: 34.99 | E12: 14
A13: PRD012 | B13: Kuchynské váhy | C13: CAT02 | D13: 18.99 | E13: 7.5
... A51: PRD050 | B51: Bábika s doplnkami | C51: CAT08 | D51: 29.99 | E51: 11

Sheet Customers
A1: CustomerID | B1: CustomerName | C1: Segment | D1: Country
A2: CUST1000 | B2: Eva Tóth | C2: Consumer | D2: Slovensko
A3: CUST1001 | B3: Barbora Varga | C3: Consumer | D3: Slovensko
A4: CUST1002 | B4: Veronika Molnár | C4: Retail | D4: Slovensko
A5: CUST1003 | B5: Martin Šimko | C5: Retail | D5: Slovensko
A6: CUST1004 | B6: Natália Varga | C6: VIP | D6: Česko
A7: CUST1005 | B7: Natália Horváth | C7: Consumer | D7: Slovensko
A8: CUST1006 | B8: Marek Horváth | C8: Consumer | D8: Slovensko
A9: CUST1007 | B9: Mária Tóth | C9: Consumer | D9: Česko
A10: CUST1008 | B10: Barbora Baláž | C10: Retail | D10: Česko
A11: CUST1009 | B11: Lukáš Kučera | C11: Retail | D11: Rakúsko
A12: CUST1010 | B12: Natália Horváth | C12: Corporate | D12: Slovensko
... A81: CUST1079 | B81: Petra Marek | C81: Retail | D81: Slovensko

Sheet Categories
A1: CategoryID | B1: CategoryName
A2: CAT01 | B2: Elektronika
A3: CAT02 | B3: Domácnosť
A4: CAT03 | B4: Oblečenie
A5: CAT04 | B5: Šport
A6: CAT05 | B6: Kozmetika
A7: CAT06 | B7: Knihy a hry
A8: CAT07 | B8: Záhrada
A9: CAT08 | B9: Hračky

Sheet Date
A1: Date | B1: Year | C1: Month | D1: MonthName | E1: Quarter | F1: Week
A2: 45658 | B2: 2025 | C2: 1 | D2: Január | E2: Q1 | F2: 1
A3: 45659 | B3: 2025 | C3: 1 | D3: Január | E3: Q1 | F3: 1
A4: 45660 | B4: 2025 | C4: 1 | D4: Január | E4: Q1 | F4: 1
A5: 45661 | B5: 2025 | C5: 1 | D5: Január | E5: Q1 | F5: 1
A6: 45662 | B6: 2025 | C6: 1 | D6: Január | E6: Q1 | F6: 1
A7: 45663 | B7: 2025 | C7: 1 | D7: Január | E7: Q1 | F7: 2
A8: 45664 | B8: 2025 | C8: 1 | D8: Január | E8: Q1 | F8: 2
A9: 45665 | B9: 2025 | C9: 1 | D9: Január | E9: Q1 | F9: 2
A10: 45666 | B10: 2025 | C10: 1 | D10: Január | E10: Q1 | F10: 2
A11: 45667 | B11: 2025 | C11: 1 | D11: Január | E11: Q1 | F11: 2
A12: 45668 | B12: 2025 | C12: 1 | D12: Január | E12: Q1 | F12: 2
A13: 45669 | B13: 2025 | C13: 1 | D13: Január | E13: Q1 | F13: 2
... A547: 46203 | B547: 2026 | C547: 6 | D547: Jún | E547: Q2 | F547: 27
